<?xml version="1.0" encoding="utf-8" standalone="yes"?>
<channel>
	<id>altadefinizioneclub</id>
	<name>AltadefinizioneClub</name>

	<active>false</active>
	<adult>false</adult>
	<language>it</language>

	<fanart></fanart>
	<thumbnail>http://altadefinizione.bid/wp-content/themes/altedefinizioni/images/logo-alte.png</thumbnail>
	<bannermenu>http://altadefinizione.bid/wp-content/themes/altedefinizioni/images/logo-alte.png</bannermenu>

	<update_url>https://raw.githubusercontent.com/streamondemand/plugin.video.streamondemand/master/channels/</update_url>
	<version>8</version>
	<date>18/07/2017</date>
	<changes>Disabled Channel</changes>

	<categories>
		<category>movie</category>
	</categories>

	<settings>
		<id>include_in_global_search</id>
		<type>bool</type>
		<label>Includi ricerca globale</label>
		<default>true</default>
		<enabled>true</enabled>
		<visible>true</visible>
	</settings>
</channel>
